avg_framerate,avg_frametime,max_frametime,min_frametime,stdev_frametime,entropy_framerate,AppMotionToPhotonLatency,label
80,12.494,28.559,4.471,12.26570081,19.60339997,0.0525538,0
80,12.511,29.082,3.95,12.77697269,19.64064327,0.0350974,0
81,12.46613,29.883,4.276,13.07761471,19.54237396,0.0408763,0
80,12.53,30.077,5.444,12.68130707,19.68228513,0.0428815,0
80,12.514,29.727,4.573,12.85865834,19.64721711,0.0436256,0
80,12.512,28.879,5.038,12.19380065,19.6428345,0.0437099,0
80,12.513,29.756,3.916,13.15886937,19.64502578,0.0436565,0
80,12.4988,28.209,4.935,11.87224024,19.61391427,0.0434649,0
78,12.76,30.088,4.523,13.0491186,20.18778276,0.0433436,0
81,12.4897,28.791,5.012,12.15928466,19.59398188,0.0429441,0
74,13.651,52.67,5.98,25.03758076,22.16995012,0.0425433,0
78,12.83744872,31.436,7.005,12.75929288,20.35858286,0.0420891,0
78,12.8349,32.76,6.96,13.52259874,20.35295746,0.0416756,0
80,12.5215,29.948,5.085,12.76161695,19.66365366,0.0412778,0
79,12.6717,31.017,5.1,13.32648717,19.99340844,0.0406861,0
80,12.5,30.596,4.639,13.31056213,19.61654302,0.0404762,0
80,12.496,30.294,4.556,13.17989029,19.60778079,0.0403132,0
79,12.656,31.069,4.713,13.5201612,19.95888806,0.0401633,0
80,12.5,29.567,4.793,12.67827153,19.61654302,0.0399732,0
79,12.665,30.284,5.886,12.59395626,19.97867533,0.0398444,0
80,12.5189,29.5,4.796,12.63783049,19.65795534,0.0398229,0
80,12.5,30.085,4.382,13.13886321,19.61654302,0.0397641,0
75,13.4848,52.058,5.269,24.98199902,21.79739781,0.0396121,0
81,12.4974,29.262,4.877,12.47497852,19.61084748,0.0395249,0
67,15.7417,91.553,5.681,46.94424224,26.95913637,0.0394843,0
26,38.9053,117.625,7.746,56.62903817,88.50132017,0.0395184,0
56,17.9333,41.296,4.695,18.53241097,32.16484909,0.0394227,0
80,12.5299,29.818,4.259,13.04191109,19.68206591,0.0394578,0
80,12.5059,30.701,5.221,13.12352742,19.62946877,0.039412,0
80,12.5353,30.293,4.407,13.23814039,19.69390421,0.039265,0
80,12.6089,31.201,4.774,13.57349236,19.85539961,0.0393939,0
79,12.68,31.201,5.529,13.24899887,20.01166294,0.0394463,0
80,12.5352,28.169,5.048,11.79727728,19.69368496,0.0394432,0
79,12.66178,29.732,4.973,12.67226519,19.97159543,0.0394235,0
80,12.5056,29.026,4.492,12.51038607,19.62881149,0.0394099,0
80,12.5019,30.291,4.374,13.25522366,19.62070536,0.0393604,0
76,13.39313,79.375,4.057,41.05600162,21.59245484,0.03936,0
69,14.613115,79.375,5.349,40.33148946,24.3508597,0.0393712,0
79,12.666,30.622,6.255,12.63110939,19.98087416,0.0393462,0
79,12.668,30.819,5.55,13.02975496,19.98527197,0.039299,0
80,12.515,28.015,4.354,12.01869961,19.64940849,0.0392802,0
80,12.5211,30.879,4.302,13.60700203,19.66277697,0.0392153,0
81,12.481,30.037,5.016,12.84516642,19.57492949,0.039118,0
80,12.4939,29.685,5.685,12.36860972,19.60318093,0.0390349,0
80,12.5173,29.223,5.374,12.23983897,19.65444885,0.0390114,0
80,12.527775,29.696,3.916,13.1245255,19.67740772,0.0390044,0
80,12.5,30.375,4.004,13.46060475,19.61654302,0.0388329,0
80,12.503,28.843,4.073,12.59373786,19.62311522,0.0387564,0
74,13.739,80.04,3.86,41.42625907,22.36772014,0.0387084,0
73,13.82,40.839,3.559,19.25752183,22.55006804,0.0386377,0
80,12.51,28.62,3.965,12.51943922,19.63845209,0.038608,0
81,12.4809,30.01,3.623,13.4288589,19.57471052,0.0385126,0
80,12.6164,28.917,4.014,12.64825584,19.87187136,0.0385381,0
81,12.4785556,28.557,4.461,12.27066141,19.56957711,0.0385507,0
80,12.627,29.846,4.86,12.7874968,19.89515615,0.0385438,0
79,12.6633,30.841,5.105,13.22811634,19.97493743,0.0385398,0
80,12.519,31.204,4.962,13.50851607,19.6581745,0.0385117,0
80,12.51,28.743,4.395,12.3975039,19.63845209,0.0385012,0
80,12.5147,28.752,4.497,12.35744344,19.64875107,0.0384453,0
69,14.64155,85.289,4.135,44.1350607,24.41592778,0.0383792,0
79,12.67,32.629,4.117,14.63129998,19.98966998,0.038399,0
80,12.516,30.527,4.487,13.33505757,19.65159992,0.03831,0
80,12.513,28.833,4.165,12.54685703,19.64502578,0.0382831,0
80,12.49,28.782,4.277,12.47248744,19.59463893,0.038185,0
80,12.507,29.906,4.336,13.05957721,19.63187885,0.0382117,0
80,12.5066,29.569,4.199,12.93431232,19.63100245,0.0381927,0
80,12.4968,28.477,4.341,12.2775565,19.60953317,0.038137,0
80,12.5046,29.335,4.21,12.80187733,19.62662058,0.0380552,0
80,12.5,28.11,4.091,12.18807985,19.61654302,0.0381436,0
80,12.504,29.427,4.118,12.89223543,19.62530606,0.0381725,0
80,12.505,29.585,4.371,12.86878751,19.62749694,0.0380793,0
70,14.42,93.696,3.703,49.15668539,23.90986588,0.0380664,0
80,12.526,29.573,4.279,12.89961016,19.67351693,0.0380937,0
66,15.35639,87.622,4.912,45.04136575,26.06280451,0.0381662,0
80,12.517,29.544,5.47,12.37697064,19.6537914,0.0380935,0
80,12.5367,30.105,4.176,13.23416985,19.69697363,0.0379737,0
81,12.456,29.107,4.238,12.67055962,19.52020223,0.0379061,0
79,12.66465,30.863,5.626,13.02324016,19.97790575,0.0378756,0
80,12.5027,30.57,5.149,13.08135743,19.62245798,0.0378636,0
79,12.657848,30.906,5.157,13.24304077,19.96295072,0.0378031,0
20,50.7973,91.376,8.34,41.52154162,123.9711256,0.0378034,0
56,17.9484,64.689,5.55,31.18713766,32.20131829,0.0378794,0
80,12.5286,30.502,4.954,13.12197887,19.67921617,0.0377679,0
80,12.526,29.534,4.649,12.71863736,19.67351693,0.0377351,0
80,12.517,29.526,4.577,12.7462562,19.6537914,0.0376516,0
80,12.6,29.673,4.06,13.04124673,19.83585674,0.0376968,0
78,12.8374,30.515,7.218,12.15747649,20.35847532,0.0376877,0
78,12.872,31.357,6.571,12.88244039,20.43487363,0.0376631,0
79,12.657,30.638,5.473,12.96278932,19.96108645,0.0376615,0
79,12.647,30.752,5.818,12.88494355,19.93910477,0.0376735,0
80,12.5147,29.134,5.417,12.17288357,19.64875107,0.0376597,0
80,12.495,28.197,4.446,12.07924671,19.60559035,0.0375752,0
64,14.8679,88.53,3.748,46.07556235,24.93510478,0.0375395,0
80,12.52,30.127,4.145,13.26154464,19.66036613,0.0375891,0
80,12.52,29.21,3.703,12.9544242,19.66036613,0.0376396,0
80,12.5097,30.191,4.149,13.29608613,19.63779475,0.0375597,0
80,12.508,28.127,4.283,12.11156556,19.63406988,0.037561,0
80,12.5203,28.267,4.549,12.06954645,19.66102363,0.0374784,0
80,12.4978,29.978,4.55,13.00838256,19.6117237,0.0373746,0
80,12.5045,29.821,4.464,12.95819086,19.62640149,0.0373512,0
80,12.495,29.551,4.321,12.87293227,19.60559035,0.037383,0
80,12.5098,28.978,4.242,12.59250984,19.63801386,0.0374332,0
81,12.4966,29.8,3.855,13.2112826,19.60909507,0.0373062,0
80,12.509225,28.73,4.423,12.37827953,19.63675396,0.0373268,0
70,14.41892,80.089,4.334,41.13612574,23.90740411,0.0373099,0
76,13.20723,42.951,3.579,20.52457491,21.17804535,0.037296,0
76,13.266,46.969,3.623,22.75871765,21.30888115,0.0372856,0
79,12.74221,30.161,4.245,13.21145891,20.1485911,0.0371269,0
80,12.5203,29.83,4.323,13.02195896,19.66102363,0.0372187,0
80,12.5073,29.561,3.545,13.21604934,19.63253615,0.0373029,0
81,12.49487,29.215,3.53,13.03617318,19.6053056,0.0372514,0
72,14.01308,121.444,4.812,64.84479659,22.98591782,0.0371744,0
66,15.29,121.44,4.414,64.65445918,25.90896654,0.037144,0
80,12.5248,29.509,4.056,12.96173106,19.67088663,0.0371207,0
80,12.6149,30.649,3.723,13.719233,19.86857679,0.0371041,0
79,12.679,31.102,5.177,13.3403683,20.00946343,0.037159,0
80,12.4886,29.375,5.088,12.44841191,19.59157275,0.0372227,0
78,12.824,30.651,6.194,12.64847605,20.32890309,0.0372373,0
78,12.853,30.864,6.007,12.83961504,20.39291364,0.0371963,0
80,12.5082,30.25,4.801,13.05005747,19.63450809,0.0371582,0
80,12.506,29.809,4.478,12.94541202,19.62968787,0.0372376,0
80,12.517,30.11,4.305,13.18363011,19.6537914,0.0372584,0
79,12.755,30.913,6.792,12.56379039,20.17676612,0.0372306,0
80,12.5319,29.73,4.498,12.89038412,19.6864503,0.0371692,0
66,15.2698,103.35,4.137,54.35267586,25.86219488,0.0372303,0
78,12.82107,32.137,6.588,13.32108426,20.32243809,0.0373971,0
79,12.6844,31.131,6.027,13.00518385,20.0213414,0.0373834,0
80,12.548,29.184,4.602,12.54438876,19.72175182,0.037279,0
80,12.504,29.919,4.681,12.91922468,19.62530606,0.0373224,0
80,12.494,30.077,4.475,13.09534685,19.60339997,0.0373322,0
79,12.657,32.406,4.861,14.19816679,19.96108645,0.0369224,0
80,12.535,29.335,4.56,12.64674695,19.69324648,0.0372681,0
66,15.2621,107.916,3.537,57.17983152,25.84437045,0.0372868,0
55,18.34,46.283,4.648,21.22009793,33.1498399,0.0373103,0
80,12.633,32.279,6.269,13.55842857,19.90833867,0.0372539,0
79,12.7066,31.406,4.627,13.73597671,20.07018808,0.0371488,0
80,12.516,28.556,3.928,12.50049151,19.65159992,0.0371945,0
80,12.5218,29.053,3.561,12.93199246,19.66431118,0.0371263,0
80,12.54108,30.601,3.147,13.95308547,19.70657717,0.0371397,0
79,12.7933,31.322,4.594,13.69262106,20.26118461,0.0370507,0
79,13.6706,104.703,4.803,55.2954823,22.21396847,0.0370498,0
66,15.33,104.703,4.39,55.03016551,26.00163258,0.0369806,0
80,12.6199,31.303,4.14,13.89721494,19.87955912,0.0369706,0
80,12.5388,30.117,5.039,12.87210291,19.70157795,0.0368551,0
80,12.519,30.27,4.332,13.25961798,19.6581745,0.036931,0
80,12.545,29.645,3.999,13.05859508,19.71517292,0.0368802,0
81,12.463,30.071,3.441,13.54372578,19.53552272,0.036862,0
80,12.52,30.913,4.855,13.39200034,19.66036613,0.0367942,0
80,12.501175,29.105,4.874,12.38952625,19.61911708,0.0368638,0
80,12.4956,30.389,4.798,13.12964896,19.60690461,0.0370071,0
80,12.5159,29.656,4.085,13.03034371,19.65138077,0.0369565,0
80,12.51572,30.107,3.611,13.48323148,19.65098631,0.036895,0
74,13.75,105.922,3.672,56.3505489,22.39246606,0.0368125,0
66,15.3173,105.922,4.091,55.8342697,25.97220407,0.0367979,0
80,12.5117,29.11,4.199,12.68307577,19.64217713,0.03686,0
80,12.508,28.643,4.233,12.41411797,19.63406988,0.0366982,0
80,12.5,28.187,4.609,12.00188828,19.61654302,0.0367396,0
71,14.15277,108.853,4.074,57.80477778,23.3022794,0.0367405,0
21,49.0556666,66.017,32.208,16.90453185,118.6572876,0.036659,0
21,49.872,95.369,7.398,43.99415591,121.1432723,0.0365028,0
20,50.7726,65.881,34.446,15.72143358,123.8955018,0.0364512,0
20,50.0247,65.634,33.443,16.0979476,121.6092164,0.0364493,0
20,50.009,65.733,34.164,15.78453865,121.5612965,0.03644,0
37,27.215,64.683,6.962,29.28523198,55.86550023,0.036372,0
79,12.7965,31.332,6.002,13.11067562,20.26824108,0.036217,0
71,14.084,101.159,6.292,52.66643235,23.14642562,0.0362127,0
71,14.22,50.857,6.273,23.78079629,23.45484378,0.0361618,0
79,12.6756,32.018,5.748,13.61514463,20.00198543,0.0355232,0
80,12.4987,30.197,4.86,12.99707101,19.61369521,0.0360315,0
80,12.503475,29.483,5.058,12.51878583,19.62415586,0.0360601,0
79,12.66,31.006,6.123,12.90007606,19.96768191,0.0360874,0
79,12.6746,28.657,4.808,12.15247099,19.99978613,0.0359955,0
80,12.639,30.958,5.894,12.96973967,19.92152296,0.0360225,0
80,12.515,29.933,6.005,12.37144567,19.64940849,0.035987,0
80,12.515,29.099,5.068,12.30159763,19.64940849,0.0360459,0
81,12.484,30.507,4.894,13.15587573,19.58149886,0.0359886,0
80,12.51788,29.225,4.493,12.61743755,19.65571994,0.03594,0
73,14,108.531,4.914,57.38052522,22.95633918,0.0359633,0
72,13.9868,38.218,6.274,16.66862059,22.92649688,0.0358406,0
78,12.852,30.747,6.177,12.70479929,20.3907057,0.0358613,0
79,12.6639,31.072,5.797,13.06929025,19.97625667,0.0358182,0
79,12.7016,30.165,5.206,12.80693848,20.05918447,0.0358282,0
77,12.9948,36.178,4.71,16.31121137,20.70648684,0.035676,0
80,12.5,29.533,4.184,12.92188548,19.61654302,0.0357668,0
80,12.49766,29.048,4.655,12.45284117,19.61141702,0.035674,0
80,12.5234,28.894,4.75,12.32446772,19.66781803,0.035695,0
80,12.61455,29.859,6.095,12.27873015,19.86780807,0.0355946,0
78,12.815679,29.716,6.42,12.03625894,20.310544,0.0355994,0
60,16.715,112.564,6.903,58.37744009,29.24907082,0.035567,0
23,44.044,66.879,16.864,25.03893585,103.585773,0.0356339,0
23,46.311,134.033,6.523,65.23934693,110.361673,0.0354897,0
23,44.314,89.019,5.554,41.76777236,104.3890515,0.0355469,0
71,14.08788,57.9,4.878,28.33036131,23.15521334,0.0355053,0
62,16.11367,135.999,5.744,72.39519716,27.82999716,0.0354591,0
80,12.583875,32.149,4.445,14.23930604,19.80045895,0.0354977,0
78,12.884,30.914,5.994,12.86830344,20.46138366,0.0355195,0
79,12.688,31.936,4.86,13.93360963,20.02926085,0.0355806,0
78,12.81319,33.32,6.308,14.09784202,20.30505303,0.0355408,0
78,12.8229,32.476,6.516,13.53971274,20.32647591,0.035472,0
79,12.77793671,30.755,5.95,12.81329745,20.22731323,0.0354584,0
79,12.664,30.863,5.626,13.023333,19.97647655,0.0354852,0
80,12.49,30.57,5.149,13.08309292,19.59463893,0.0354049,0
79,12.659,30.906,5.157,13.24288497,19.96548338,0.0354678,0
79,12.8125,32.457,5.763,13.83336225,20.30353088,0.035392,0
80,12.54,30.868,4.193,13.64516775,19.70420908,0.0352927,0
64,15.7888,147.069,4.111,79.3807824,27.06910815,0.0352378,0
80,12.6475,30.909,5.935,12.92440014,19.94020374,0.0352238,0
79,12.672,31.114,5.82,13.08207236,19.99406818,0.0351099,0
79,12.79198,30.612,5.758,12.81113645,20.25827396,0.0350367,0
80,12.5345,30.082,4.808,12.95111729,19.69215029,0.0350213,0
79,12.6713,30.684,5.124,13.13222943,19.99252879,0.0349878,0
80,12.6497,30.684,5.538,12.96234013,19.94503934,0.0348783,0
80,12.5144,30.193,4.726,13.04964981,19.64809366,0.0347398,0
80,12.5,28.957,4.456,12.48891366,19.61654302,0.0346517,0
80,12.637,30.926,4.493,13.5370833,19.917128,0.0346603,0
79,12.65148,30.959,5.012,13.3340026,19.94895196,0.034595,0
78,12.82467,33.414,6.605,14.0316742,20.3303815,0.0345267,0
61,16.53563,134.279,8.205,70.50715573,28.82434799,0.0344427,0
78,12.93264,31.189,4.245,13.75226591,20.5689087,0.0345039,0
80,12.4945,32.254,4.437,14.3128534,19.60449515,0.0344469,0
80,12.499,28.982,5.233,12.16894302,19.61435239,0.0343301,0
80,12.353,29.568,1,14.38388831,19.29505542,0.0342671,0
80,12.49,29.646,4.716,12.7558373,19.59463893,0.0341817,0
79,12.7869,31.566,6.751,12.94134789,20.24707316,0.0340889,0
80,12.534,29.564,4.737,12.69641707,19.69105411,0.0339488,0
80,12.495,28.641,5.156,12.01457075,19.60559035,0.0338504,0
80,12.5044,31.091,4.464,13.65715234,19.6261824,0.033764,0
80,12.4959,29.869,5.031,12.74412008,19.60756174,0.0336679,0
80,12.5,30.031,4.743,12.95498587,19.61654302,0.0336886,0
80,12.5,29.34,4.865,12.52267577,19.61654302,0.0336501,0
81,12.49,29.296,3.982,12.88168141,19.59463893,0.04615,0
80,12.518,28.103,4.266,12.10502856,19.65598292,0.033782,0
77,13,30.032,6.315,12.22888887,20.71800434,0.0342584,0
81,12.47966,29.22,4.758,12.5050154,19.57199532,0.0313621,0
80,12.5,30.88,5.342,13.17352653,19.61654302,0.0341148,0
78,12.8248,30.055,5.99,12.4010652,20.33066836,0.0344688,0
80,12.508,30.098,5.041,12.86479329,19.63406988,0.0346393,0
79,12.662,29.804,5.5,12.48884051,19.97207913,0.0346302,0
78,12.81,30.568,6.427,12.50917752,20.29801603,0.0344605,0
79,12.7738,30.291,6.346,12.39308903,20.218195,0.0343946,0
79,12.67,30.49,5.315,12.94494142,19.98966998,0.0345375,0
80,12.526,29.901,5.455,12.57972298,19.67351693,0.0345867,0
80,12.5,29.207,5.546,12.16089968,19.61654302,0.034415,0
31,32.337,129.703,11.267,63.18117989,69.84442788,0.0343365,0
20,50.0445,66.359,34.482,15.93997828,121.6696547,0.0341526,0
47,21.4607,58.6,11.667,24.75867071,40.88588883,0.0341573,0
79,12.69,31.484,5.474,13.42761577,20.03366081,0.0340567,0
81,12.487,30.914,4.767,13.433902,19.58806867,0.0338699,0
80,12.51,30.424,4.96,13.07879449,19.63845209,0.0338406,0
80,12.646,29.789,4.889,12.74142521,19.93690687,0.0337738,0
80,12.51,28.962,4.511,12.46664688,19.63845209,0.0336588,0
80,12.51,28.736,4.163,12.49525119,19.63845209,0.0336475,0
80,12.63,31.196,4.317,13.76155857,19.90174719,0.033592,0
70,14.29,77.636,4.005,39.87484818,23.61390395,0.0335733,0
80,12.62,30.605,4.322,13.43573046,19.87977878,0.0335227,0
80,12.508,29.387,3.847,12.98848953,19.63406988,0.0334663,0
80,12.506,30.043,4.284,13.15721433,19.62968787,0.0334106,0
80,12.5,29.527,3.82,13.07740404,19.61654302,0.0333515,0
80,12.63,29.837,5.268,12.60896278,19.90174719,0.0332783,0
80,12.53,29.638,4.94,12.65097472,19.68228513,0.033274,0
80,12.5,29.144,4.54,12.5548208,19.61654302,0.0333259,0
80,12.506,28.926,4.263,12.55539073,19.62968787,0.0332902,0
80,12.538,28.96,4.239,12.58095999,19.69982389,0.0332754,0
79,12.72,29.41,4.672,12.61807598,20.09968378,0.0332356,0
80,12.508,30.06,4.512,13.06846729,19.63406988,0.0333893,0
71,14.446,96.203,4.587,50.29065252,23.96914585,0.0334186,0
75,13.3555,38.793,4.549,17.7823526,21.50843965,0.0333563,0
80,12.523,30.167,4.167,13.27361714,19.66694131,0.0333609,0
80,12.511,29.975,3.509,13.45657495,19.64064327,0.0333481,0
79,12.69,29.5,4.681,12.66690532,20.03366081,0.0333521,0
66,15.393,108.839,3.944,57.54157271,26.14771302,0.0332464,0
23,43.9965,80.205,6.437,36.88606181,103.4445617,0.0332015,0
62,16.247,56.623,4.244,27.44039913,28.14345643,0.0325252,0
80,12.514,29.416,4.35,12.78431888,19.64721711,0.0332291,0
80,12.49,29.184,4.807,12.46298689,19.59463893,0.0333076,0
80,12.517,30.259,4.846,13.03484672,19.6537914,0.0332755,0
77,13.5047,67.047,4.577,33.78604894,21.84193869,0.0332529,0
75,13.5,51.032,4.422,24.71016393,21.83141734,0.0333162,0
80,12.52,29.39,4.651,12.63946321,19.66036613,0.0332497,0
80,12.51,28.972,4.651,12.4115025,19.63845209,0.0331767,0
80,12.515,29.478,4.392,12.79996025,19.64940849,0.0331668,0
80,12.522,28.65,4.402,12.34242202,19.66474953,0.0331408,0
80,12.51,28.914,3.699,12.7966217,19.63845209,0.0331275,0
81,12.483,29.011,3.419,12.97614057,19.57930902,0.0331022,0
80,12.5,28.881,4.626,12.37364176,19.61654302,0.0330816,0
80,12.49,29.689,4.679,12.79529485,19.59463893,0.0330406,0
81,12.46,28.928,4.628,12.40312627,19.5289565,0.0329616,0
80,12.544,31.631,4.311,14.01474377,19.71298005,0.0330067,0
72,13.949,67.654,4.47,34.07417478,22.84108223,0.0331924,0
77,13.09,37.072,4.158,17.02081248,20.91754994,0.0332021,0
70,14.184,44.958,4.357,21.18195067,23.37312471,0.0331198,0
40,25.2724,42.603,9.171,16.71976576,50.71497039,0.0330197,0
52,19.3925,41.392,6.813,17.50204303,35.72462096,0.0330881,0
80,12.508,29.558,4.211,12.92293257,19.63406988,0.0330481,0
80,12.5,30.209,3.987,13.37705208,19.61654302,0.0330291,0
80,12.499,29.084,4.153,12.69036841,19.61435239,0.0329884,0
80,12.578,29.319,4.337,12.72972562,19.78756527,0.0330013,0
79,12.683,30.233,4.888,12.98161232,20.01826179,0.0330831,0
37,28.1489,110.826,5.532,55.42841249,58.37266913,0.0329687,0
25,41.883,63.499,23.465,20.03827727,97.19416855,0.0330004,0
61,17.147,75.708,4.278,38.0728398,30.27687031,0.0329981,0
70,14.4008,75.708,5.13,38.35312805,23.86610859,0.0329563,0
80,12.534,29.342,5.927,12.07216867,19.69105411,0.0329601,0
81,12.4536,30.942,4.943,13.38019711,19.51495005,0.0329501,0
80,12.548,29.772,4.603,12.86641469,19.72175182,0.0328845,0
80,12.5198,28.831,4.195,12.53189289,19.6599278,0.0328359,0
80,12.5168,20.084,3.861,8.117585011,19.6533531,0.0328599,0
81,12.4695,30.079,4.401,13.13110091,19.54975108,0.0329645,0
80,12.627,28.216,4.183,12.19223213,19.89515615,0.0329431,0
80,12.507,29.857,5.18,12.67321163,19.63187885,0.0330368,0
80,12.518,29.065,4.886,12.3603848,19.65598292,0.0329766,0
80,12.515,28.317,3.964,12.35510295,19.64940849,0.0329191,0
76,13.359,76.785,5.553,39.06786603,21.5162512,0.0329356,0
67,14.827,76.785,5.145,38.86906329,24.84113336,0.0328663,0
80,12.54,30.982,4.34,13.6451672,19.70420908,0.0328948,0
80,12.516,30.487,4.166,13.45036791,19.65159992,0.0328976,0
82,12.452,29.734,4.658,12.83367793,19.51144876,0.0328701,0
79,12.676,31.494,3.918,14.09051374,20.00286517,0.0328547,0
80,12.511,30.472,3.775,13.6115455,19.64064327,0.0328184,0
80,12.699,29.215,3.883,12.85956412,20.05346308,0.0327879,0
80,12.64,30.393,3.813,13.53748708,19.92372051,0.0328966,0
80,12.51,29.346,4.222,12.80206504,19.63845209,0.0328976,0
80,12.506,30.448,4.665,13.21715889,19.62968787,0.032871,0
81,12.5422,28.876,4.946,12.2279746,19.70903302,0.0328838,0
79,13.351,79.576,5.705,40.62252368,21.49839706,0.0329152,0
25,40.64,109.59,7.883,51.91569672,93.54890472,0.0328718,0
27,37.36111,76.097,9.713,33.34597081,84.04845366,0.0328086,0
32,31.536,58.096,12.326,22.98314817,67.62288061,0.0328189,0
80,12.509,30.583,4.92,13.18365128,19.63626096,0.0328363,0
79,12.664,31.417,5.002,13.59002991,19.97647655,0.0329165,0
80,12.649,31.849,4.747,13.93795781,19.94350071,0.0328478,0
80,12.51,30.191,4.866,12.98976598,19.63845209,0.0328567,0
79,12.666,32.061,4.277,14.25068421,19.98087416,0.0329232,0
80,12.5,29.143,4.979,12.36563643,19.61654302,0.0331405,0
80,12.499,30.462,4.064,13.48253808,19.61435239,0.0331001,0
79,12.651,35.545,4.35,16.15637058,19.94789685,0.0330271,0
79,12.654,35.577,5.299,15.79196651,19.95449143,0.0325752,0
64,15.7679,102.166,5.145,53.21427147,27.02029884,0.033144,0
80,12.5289,30.218,4.51,13.15363245,19.67987379,0.0331856,0
80,12.5,31.348,4.62,13.7339451,19.61654302,0.0332361,0
80,12.5,29.696,4.534,12.86005324,19.61654302,0.033179,0
79,12.655,33.4,4.991,14.6978638,19.95668972,0.0331333,0
81,12.4788,31.787,4.274,14.12498082,19.57011224,0.0330753,0
79,12.856,29.944,3.572,13.37706236,20.39953774,0.0330129,0
75,13.347,33.224,6.094,14.04598423,21.48947111,0.0331283,0
78,12.84,33.781,7.005,14.08028694,20.36421422,0.0331834,0
79,12.68,31.668,4.972,13.73944337,20.01166294,0.0331108,0
78,12.817,36.137,6.877,15.46638074,20.31345837,0.0331082,0
78,12.84,33.469,6.282,14.18741211,20.36421422,0.0330973,0
66,15.317,97.556,4.627,50.84835012,25.97150899,0.0330568,0
78,12.834,31.691,5.603,13.46883782,20.3509711,0.0330105,0
80,12.518,30.11,5.015,12.88107461,19.65598292,0.0330527,0
79,12.68,32.363,4.39,14.36798129,20.01166294,0.0331562,0
45,22.537,108.82,5.012,55.56974983,43.62164231,0.03313,0
46,21.766,45.419,4.758,20.42079575,41.65856813,0.0330357,0
77,13.122,34.0122,4.851,15.02878063,20.98859228,0.0330667,0
78,12.853,34.511,6.883,14.53740146,20.39291364,0.0330703,0
80,12.633,31.959,5.172,13.82452028,19.90833867,0.033256,0
78,12.823,32.916,6.241,13.89608457,20.32669656,0.0331912,0
78,12.826,32.701,5.555,14.05221443,20.33331631,0.0331611,0
78,12.833,31.695,5.577,13.48192929,20.34876408,0.0331515,0
79,12.66,32.919,5.581,14.18864315,19.96768191,0.033135,0
79,12.788,32.066,5.708,13.64130888,20.24949842,0.0330664,0
79,12.6798,29.478,5.102,12.47525519,20.01122304,0.03296,0
80,12.507,31.106,4.378,13.70151711,19.63187885,0.0329458,0
67,15.341,201.92,4.795,110.8912433,26.02712711,0.0330007,0
58,17.431,201.92,6.011,109.9597986,30.95624838,0.0330334,0
79,12.675,31.584,4.85,13.74462114,20.00066585,0.0329512,0
78,12.82,32.62,5.318,14.10507715,20.32007725,0.0329044,0
79,12.6599,30.875,5.312,13.16085402,19.96746206,0.0329468,0
79,12.676,33.324,4.994,14.65117702,20.00286517,0.0329168,0
80,12.499,30.859,4.47,13.52734121,19.61435239,0.0329518,0
80,12.498,31.617,5.171,13.6541325,19.61216181,0.032882,0
80,12.504,30.448,4.038,13.48547609,19.62530606,0.0329071,0
80,12.511,30.028,3.872,13.3267522,19.64064327,0.032806,0
79,12.6588,33.412,3.891,15.16057974,19.96504368,0.0330257,0
80,12.522,29.766,4.094,13.08585944,19.66474953,0.0329172,0
79,12.657,33.882,4.19,15.29599936,19.96108645,0.0328287,0
66,15.321,117.938,4.429,62.62743998,25.98077706,0.0328322,0
80,12.5069,29.924,4.765,12.88582987,19.63165975,0.0329322,0
35,29.324,108.706,8.476,52.88697686,61.55464922,0.0328039,0
20,72.129,35.262,35.262,21.28517237,191.7444367,0.0327929,0
23,43.8999,86.054,10.183,38.01360751,103.1574807,0.0328281,0
68,15.376,79.16,4.691,40.26619724,26.10827868,0.0327045,0
80,12.506,30.331,5.135,12.95441162,19.62968787,0.0326981,0
80,12.521,29.263,4.406,12.67555546,19.6625578,0.0326538,0
80,12.505,29.573,4.16,12.95361094,19.62749694,0.0324113,0
80,12.512,29.253,3.803,12.93451624,19.6428345,0.032596,0
80,12.5,29.112,3.926,12.80499002,19.61654302,0.0325936,0
79,12.763,31.738,7.296,12.82802971,20.19439333,0.0325724,0
79,12.812,32.359,6.407,13.51921804,20.30242789,0.0326001,0
80,12.542,30.088,4.398,13.12861348,19.70859447,0.0325079,0
80,12.518,29.049,4.468,12.53197259,19.65598292,0.0325182,0
79,12.662,32.688,4.532,14.49078967,19.97207913,0.0325601,0
79,12.768,31.069,5.958,12.98630703,20.20541192,0.0324937,0
68,14.968,103.003,4.433,54.12515181,25.16538802,0.0324516,0
79,12.7769,31.86,4.236,14.14329673,20.22502801,0.0324296,0
79,12.66,30.482,4.033,13.48825671,19.96768191,0.0323232,0
80,12.654,32.483,4.351,14.45417168,19.95449143,0.0324445,0
79,12.669,30.807,4.638,13.40584801,19.98747095,0.0324076,0
79,12.668,32.308,4.43,14.32234343,19.98527197,0.0323105,0
79,12.654,33.363,3.929,15.11813845,19.95449143,0.0323882,0
81,12.489,30.447,3.942,13.52809421,19.59244879,0.0323455,0
80,12.514,29.85,3.521,13.3829941,19.64721711,0.0323614,0
79,12.651,34.324,3.942,15.64518847,19.94789685,0.0322969,0
80,12.493,31.4,3.539,14.2237131,19.60120963,0.0324483,0
80,12.504,31.605,3.71,14.2613327,19.62530606,0.0323251,0
68,14.925,108.626,3.745,57.59758959,25.06641403,0.0323106,0
19,52.667,99.689,12.96,43.41588376,129.7169719,0.0323434,0
20,51.926,80.465,18.776,30.87320775,127.4347599,0.0323645,0
21,48.936,67.536,13.853,27.25998709,118.2935722,0.0324003,0
45,22.466,68.377,7.066,31.89571194,43.44017256,0.0323676,0
80,12.509,30.112,4.3,13.18782667,19.63626096,0.0323362,0
80,12.5,29.494,4.528,12.7517971,19.61654302,0.0323523,0
80,12.509,30.004,4.989,12.8346903,19.63626096,0.0322679,0
80,12.59,29.513,4.338,12.83396573,19.81390311,0.0323566,0
79,12.697,30.639,4.414,13.40568336,20.04906223,0.0323413,0
81,12.482,30.253,4.597,13.14161331,19.57711923,0.0322792,0
80,12.646,30.099,5.494,12.65677907,19.93690687,0.0323354,0
79,12.726,30.569,4.194,13.45862981,20.11289365,0.0323309,0
80,12.597,30.433,5.989,12.64448296,19.82927013,0.0323343,0
80,12.55,29.471,4.006,12.96010804,19.72613799,0.0323573,0
65,15.52,133.558,6.388,70.93256395,26.44267899,0.0323459,0
79,12.684,30.11,5.43,12.68456012,20.0204615,0.0321742,0
79,12.691,32.29,5.02,14.06306002,20.03586087,0.0322785,0
80,12.532,30.382,4.505,13.24559271,19.68666952,0.0324123,0
80,12.495,29.818,4.445,12.96583946,19.60559035,0.0324657,0
78,12.819,32.936,6.536,13.79087729,20.31787091,0.032414,0
79,12.845,30.594,6.313,12.56490474,20.37525149,0.0323319,0
80,12.644,33.118,5.905,14.17242726,19.93251122,0.0324255,0
80,12.509,29.691,5.014,12.65141941,19.63626096,0.0323911,0
79,12.687,32.271,4.517,14.26280987,20.02706094,0.0322808,0
79,12.795,30.88,5.865,12.91538069,20.2649333,0.0322348,0
79,12.675,30.021,5.136,12.76050849,20.00066585,0.032327,0
67,15.346,106.234,6.578,55.17974372,26.03871716,0.0323796,0
74,13.59,50.115,5.802,23.65858033,22.03306626,0.0323189,0
47,22.162,109.792,5.328,56.08791871,42.66475725,0.0322619,0
20,50.001,66.078,34.402,15.83860109,121.5368799,0.0322921,0
19,52.81,94.013,8.135,42.95069599,130.1581473,0.032306,0
21,49.264,74.658,10.63,32.24134503,119.2909298,0.0323068,0
42,24.087,104.025,4.479,52.73196947,47.61720817,0.0323453,0
81,12.488,31.361,4.662,13.72511692,19.5902587,0.0323033,0
79,12.678,30.536,5.076,13.06974986,20.00726396,0.0323058,0
79,12.668,30.489,5.057,13.05310937,19.98527197,0.0322768,0
79,12.668,30.077,5.238,12.74920979,19.98527197,0.0322122,0
74,13.682,35.347,5.96,15.23481363,22.23957901,0.0321405,0
80,12.556,29.381,4.377,12.74870374,19.73929772,0.0322292,0
78,12.837,30.634,6.625,12.46163602,20.35759244,0.0321437,0
64,15.644,124.796,5.59,66.11267208,26.73130032,0.0322056,0
80,12.517,30.011,5.313,12.70123915,19.6537914,0.0322761,0
80,12.531,29.999,4.651,12.9727055,19.6844773,0.0324006,0
80,12.577,32.883,4.128,14.77931698,19.78537077,0.0323498,0
78,12.826,35.653,6.906,15.17952754,20.33331631,0.032276,0
80,12.543,30.752,4.313,13.52972839,19.71078724,0.032244,0
79,12.785,30.981,7.349,12.37683277,20.24288421,0.0322275,0
80,12.638,30.089,4.969,12.87352168,19.91932546,0.0321034,0
79,12.66,28.809,5.325,12.01450985,19.96768191,0.0445873,0
78,12.836,32.002,6.663,13.21303905,20.35538528,0.0311008,0
78,12.817,29.125,6.274,11.76810601,20.31345837,0.0436017,0
79,12.811,31.687,6.444,13.12790358,20.30022193,0.0315814,0
58,17.426,208.519,6.011,113.7660809,30.94426249,0.0318985,0
79,12.673,30.896,5.894,12.93014935,19.99626735,0.0320458,0
80,12.538,30.276,5.346,12.83138345,19.69982389,0.0321414,0
81,12.487,29.586,5.08,12.5683696,19.58806867,0.0324567,0
79,12.677,30.383,5.039,13.00102442,20.00506454,0.032624,0
73,13.864,109.129,5.255,57.64740957,22.64924497,0.0326427,0
20,50.1,109.129,11.04,49.38211276,121.8390911,0.0327851,0
20,50.859,94.149,8.878,42.63717451,124.1600645,0.0329052,0
20,50.007,68.682,32.883,17.90509891,121.5551923,0.0329256,0
74,13.885,68.372,4.446,34.50715232,22.69661001,0.0329402,0
80,12.514,29.326,3.624,13.05289398,19.64721711,0.0329874,0
80,12.506,28.06,3.843,12.27081615,19.62968787,0.0330966,0
81,12.489,30.687,4.759,13.31153189,19.59244879,0.0331762,0
79,12.657,34.764,4.894,15.4983898,19.96108645,0.0333284,0
79,12.67,34.437,4.562,15.44915088,19.98966998,0.0333163,0
63,15.05,148.096,4.29,80.10116661,25.35434169,0.0332708,0
80,12.527,29.358,4.29,12.77716292,19.67570891,0.0332561,0
80,12.49,30.501,3.523,13.7393334,19.59463893,0.0332158,0
80,12.511,28.96,3.658,12.83962885,19.64064327,0.033245,0
80,12.652,30.057,3.818,13.35077215,19.950095,0.033254,0
80,12.495,30.56,3.834,13.63595872,19.60559035,0.0331264,0
81,12.496,29.476,4.456,12.77342554,19.60778079,0.0332602,0
80,12.515,31.104,4.258,13.75037385,19.64940849,0.0332591,0
80,12.495,29.039,4.122,12.67982619,19.60559035,0.033213,0
80,12.495,30.556,4.173,13.48776046,19.60559035,0.0331559,0
63,16.09,41.943,4.66,19.10080538,27.7744204,0.0331523,0
40,25.176,42.815,7.762,17.52662035,50.46173898,0.0331375,0
57,17.634,39.395,5.196,17.30999984,31.44362492,0.0332372,0
33,30.452,137.439,8.239,69.07999655,64.63663491,0.0332353,0
37,27.215,112.968,7.956,55.90469007,55.86550023,0.033181,0
62,16.31,41.107,4.529,18.67098129,28.29180649,0.0331428,0
48,20.909,42.73,6.4,18.28722697,39.49647054,0.0331557,0
71,14.199,46.328,5.485,21.51107113,23.40716743,0.0330956,0
79,12.666,32.095,5.059,13.94212912,19.98087416,0.0330355,0
79,12.685,30.003,4.7,12.93519204,20.02266127,0.0327855,0
80,12.506,30.371,4.081,13.42449844,19.62968787,0.0331718,0
44,23.07,109.4,5.249,55.70440997,44.98835116,0.0332466,0
23,43.527,55.448,32.453,11.50009958,102.0505187,0.0331523,0
22,45.552,87.818,23.346,32.75199733,108.0852267,0.0330914,0
23,44.638,64.526,23.945,20.29183068,105.3543345,0.0331289,0
45,22.212,64.526,5.276,30.51738628,42.79211558,0.0331905,0
80,12.519,30.454,4.181,13.42545467,19.6581745,0.0330958,0
79,12.659,33.928,3.722,15.51688739,19.96548338,0.0330548,0
80,12.52,30.128,3.255,13.65064112,19.66036613,0.0330359,0
80,12.498,30.264,4.244,13.29661406,19.61216181,0.0330331,0
80,12.62,37.882,3.737,17.71514116,19.87977878,0.0329751,0
80,12.497,28.957,3.985,12.695055,19.60997127,0.0329579,0
80,12.529,28.877,5.062,12.18036273,19.680093,0.0329973,0
80,12.517,29.51,4.099,12.94439193,19.6537914,0.0329778,0
81,12.485,30.021,3.636,13.42872743,19.58368874,0.0328856,0
64,16.012,237.013,3.65,131.3091459,27.59143101,0.0328975,0
56,18.039,237.013,4.043,130.6525428,32.42029901,0.0328877,0
79,12.817,33.67,4.905,14.85974752,20.31345837,0.0328508,0
81,12.341,30.197,5.138,12.90137865,19.26885934,0.032804,0
80,12.522,29.212,4.988,12.39703884,19.66474953,0.0328098,0
78,12.905,32.389,8.433,12.73783718,20.50779292,0.0327368,0
78,12.838,31.907,6.568,13.19725086,20.35979966,0.0327722,0
78,12.865,31.15,6.534,12.78260695,20.41941266,0.0327711,0
80,12.498,32.015,4.56,14.12858897,19.61216181,0.032768,0
80,12.622,29.989,5.149,12.74417526,19.88417207,0.0328403,0
80,12.529,29.423,5.223,12.41252641,19.680093,0.0327357,0
79,12.81,31.631,4.638,13.84216791,20.29801603,0.0326754,0
80,12.516,29.762,5.392,12.5304482,19.65159992,0.0326102,0
61,16.557,156.297,6.899,83.60652583,28.87488595,0.0326601,0
79,12.688,30.306,5.981,12.56372688,20.02926085,0.0326599,0
60,17.143,132.836,5.953,70.2488221,30.26732236,0.0315741,0
26,39.473,63.702,22.016,20.93447669,90.14801039,0.0321815,0
26,39.871,55.217,21.4,16.93254778,91.30549232,0.0326656,0
25,40.17,75.61,10.504,32.59564488,92.17668309,0.0323318,0
63,15.959,55.227,5.417,26.24927202,27.4672267,0.0329314,0
79,12.684,28.22,5.756,11.50359202,20.0204615,0.0327755,0
79,12.776,34.61,6.382,14.80105163,20.22304419,0.0327975,0
77,13.01,31.98,6.086,13.40585638,20.740157,0.0328387,0
78,12.873,32.276,7.537,13.01900807,20.43708254,0.0329022,0
78,12.817,32.276,6.073,13.60595106,20.31345837,0.0328718,0
78,12.83,32.433,5.451,13.94486509,20.34214332,0.0327987,0
78,12.819,32.629,5.936,13.85837916,20.31787091,0.0327987,0
80,12.507,29.437,4.706,12.64319884,19.63187885,0.0327379,0
81,12.482,29.385,5.665,12.21216127,19.57711923,0.0326523,0
79,12.785,30.699,6.702,12.47511051,20.24288421,0.0326167,0
80,12.507,29.564,5.598,12.33588725,19.63187885,0.0325745,0
62,16.13,142.804,5.261,76.46623905,27.86835233,0.032603,0
79,12.697,33.389,4.971,14.69372124,20.04906223,0.0325449,0
80,12.51,29.316,4.201,12.79481889,19.63845209,0.0325571,0
80,12.64,30.483,4.468,13.30372415,19.92372051,0.0325597,0
80,12.626,30.431,3.78,13.57415155,19.89295923,0.0324976,0
79,12.684,33.19,5.025,14.56264366,20.0204615,0.0323991,0
79,12.686,32.113,4.934,14.00118968,20.02486108,0.0324975,0
80,12.577,29.736,3.626,13.26828161,19.78537077,0.0326066,0
51,18.016,40.682,6.921,17.20780686,32.36468105,0.0325465,0
54,18.64,41.627,8.169,17.11471966,33.88001141,0.0324845,0
79,12.655,30.776,6.479,12.62839279,19.95668972,0.0324959,0
78,12.817,31.112,7.02,12.57468819,20.31345837,0.0324842,0
78,14.264,124.089,7.446,65.46450081,23.55479954,0.0324496,0
46,22.037,124.089,8.396,63.22652112,42.34666843,0.0324427,0
26,39.432,52.965,22.37,15.33138371,90.02891354,0.0324527,0
25,40.606,83.564,12.927,35.59284238,93.44952383,0.032418,0
26,39.164,53.837,21.144,16.37502966,89.25108048,0.0324137,0
41,24.675,53.7,4.429,24.76550889,49.14938444,0.0323974,0
80,12.508,30.386,4.036,13.45189062,19.63406988,0.0325682,0
80,12.505,31.51,4.15,14.02120804,19.62749694,0.0325708,0
79,12.658,33.14,4.185,14.88677309,19.96328489,0.032498,0
79,12.67,30.765,4.215,13.5635452,19.98966998,0.0323949,0
80,12.494,30.974,4.197,13.70740881,19.60339997,0.0324027,0
80,12.494,30.976,4.197,13.70850936,19.60339997,0.0323818,0
80,12.5,29.708,4.13,13.04100104,19.61654302,0.0323407,0
62,16.294,152.495,7.08,81.4259709,28.25411594,0.0322902,0
80,12.525,28.737,4.784,12.22359899,19.67132501,0.0323435,0
80,12.502,30.611,5.14,13.10792868,19.62092444,0.0324108,0
80,12.651,31.025,5.227,13.2806655,19.94789685,0.032367,0
79,12.655,31.025,4.568,13.55746607,19.95668972,0.0323017,0
78,12.852,32.234,5.285,13.89946051,20.3907057,0.0322687,0
80,12.5,28.396,3.825,12.46108932,19.61654302,0.0322057,0
80,12.513,30.932,4.408,13.59211268,19.64502578,0.0323063,0
80,12.516,30.834,4.224,13.61615761,19.65159992,0.0322883,0
80,12.512,30.467,4.217,13.41797023,19.6428345,0.0322567,0
80,12.534,29.619,4.265,12.92993234,19.69105411,0.0323195,0
79,12.745,29.17,4.252,12.66766486,20.1547365,0.0323463,0
64,15.763,138.129,4.941,73.9702609,27.008858,0.0322553,0
79,12.678,30.534,5.461,12.90721474,20.00726396,0.0322512,0
78,12.819,31.365,8.079,12.30622818,20.31787091,0.0322419,0
79,12.795,31.223,7.737,12.36100551,20.2649333,0.0322302,0
78,12.847,32.254,7.397,13.06525034,20.37966674,0.0321169,0
54,18.769,114.209,7.734,58.54839942,34.19491037,0.0321666,0
20,49.984,66.566,33.885,16.34109485,121.4849973,0.0321703,0
20,50.796,66.273,35.276,15.49850497,123.9671452,0.0322121,0
20,51.894,99.438,13.8,42.90581121,127.3363502,0.0322458,0
28,36.152,67.458,11.929,27.83968752,80.58943815,0.0322506,0
79,12.68,29.451,4.576,12.68665232,20.01166294,0.0324891,0
78,12.828,32.462,5.955,13.75592681,20.33772971,0.0324793,0
79,12.66,32.348,5.341,13.96760033,19.96768191,0.0324092,0
79,12.662,33.587,4.675,14.93068171,19.97207913,0.0324323,0
80,12.58,30.79,4.164,13.60990468,19.79195442,0.0324714,0
78,12.902,31.307,6.054,13.05981839,20.50116172,0.0324832,0
79,12.783,33.414,5.731,14.38585737,20.23847497,0.0324803,0
78,12.827,32.577,5.758,13.90019198,20.33552299,0.0325537,0
78,12.835,30.845,5.986,12.84029323,20.35317816,0.0325202,0
79,12.765,32.459,6.679,13.47529488,20.19880062,0.032627,0
61,16.418,133.187,5.689,70.71757302,28.54647233,0.0326076,0
80,12.521,30.628,5.567,12.93751191,19.6625578,0.0326815,0
79,12.692,34.139,5.614,14.85343685,20.03806097,0.032622,0
79,12.681,32.779,3.942,14.78666231,20.01386251,0.0326262,0
80,12.652,32.54,3.633,14.7901406,19.950095,0.0325876,0
80,12.511,31.33,3.996,13.98694357,19.64064327,0.0325521,0
80,12.615,31.317,3.931,13.9950566,19.86879642,0.0325262,0
80,12.511,30.488,5.957,12.70103281,19.64064327,0.0325472,0
80,12.534,31.318,5.376,13.39815276,19.69105411,0.0325214,0
79,12.747,32.262,7.452,13.06654985,20.15914203,0.0325374,0
78,12.838,31.265,5.776,13.16001073,20.35979966,0.0325458,0
78,12.87,31.643,6.3,13.15204723,20.43045597,0.0322909,0
64,15.776,124.72,5.518,66.0594915,27.03921333,0.0324941,0
79,12.697,31.618,4.084,14.08491608,20.04906223,0.0319885,0
79,12.659,31.205,5.416,13.30092532,19.96548338,0.0328682,0
29,34.886,129.791,10.102,63.17523566,76.99461866,0.0330479,0
20,49.993,68.337,32.978,17.68366215,121.5124641,0.0329941,0
20,49.995,68.337,32.978,17.68363714,121.518568,0.033239,0
20,51.198,109.155,13.794,48.04822818,125.1989847,0.0331242,0
65,15.416,59.047,4.146,28.9965425,26.20108394,0.0330955,0
80,12.543,29.936,3.934,13.24597633,19.71078724,0.0330483,0
80,12.5,28.823,3.515,12.83007806,19.61654302,0.0329889,0
80,12.505,30.245,3.677,13.53082781,19.62749694,0.0329811,0
81,12.349,29.341,4.082,12.87820144,19.28632259,0.0328468,0
80,12.654,32.133,3.992,14.41282742,19.95449143,0.0328317,0
80,12.508,30.297,4.33,13.27662918,19.63406988,0.0330371,0
81,12.577,30.193,5.547,12.69625714,19.78537077,0.0331391,0
81,12.342,30.192,5.351,12.80996918,19.27104207,0.0331137,0
54,18.713,235.77,4.917,129.4843481,34.05814216,0.0330437,0
80,12.525,30.867,4.53,13.50300311,19.67132501,0.0331201,0
80,12.634,31.848,3.947,14.277649,19.91053593,0.033086,0
78,12.833,33.498,6.043,14.29990297,20.34876408,0.032981,0
78,12.849,33.956,5.453,14.79091655,20.38408218,0.0329005,0
79,12.819,33.941,5.671,14.69935196,20.31787091,0.0328717,0
79,12.69,30.891,4.662,13.4392809,20.03366081,0.0330774,0
80,12.634,31.566,4.885,13.72554423,19.91053593,0.0330305,0
80,12.509,30.015,4.154,13.19758426,19.63626096,0.0329268,0
78,12.816,32.999,6.25,13.94019874,20.31125218,0.0330811,0
80,12.644,30.915,5.766,12.99749031,19.93251122,0.0331161,0
79,12.66,30.936,6.502,12.70796008,19.96768191,0.0329868,0
63,16.0512,131.89,5.429,70.14727749,27.68336547,0.0331042,0
79,12.653,30.839,5.512,13.05872254,19.95229319,0.0330769,0
79,12.683,31.326,5.091,13.49984653,20.01826179,0.0330097,0
79,12.679,32.379,4.882,14.17138089,20.00946343,0.0330163,0
32,32.096,110.255,10.657,52.42172197,69.17471158,0.0329363,0
23,48.859,55.824,31.775,12.37422511,118.0596341,0.0328715,0
24,43.74,57.643,30.242,13.70099883,102.682572,0.0328919,0
30,33.604,58.788,11.827,23.501089,73.38346716,0.0327873,0
79,12.798,33.171,6.298,14.02062325,20.27154897,0.0326693,0
80,12.638,31.572,5.509,13.46971273,19.91932546,0.0326403,0
79,12.691,29.392,4.488,12.69134762,20.03586087,0.0325492,0
79,12.663,32.19,5.489,13.81854675,19.97427782,0.0324496,0